Model,Subreddit,RMSE,R-squared
Random Forest,bc_coms,9.447228533350437,0.004877362808970331
Random Forest,ab_coms,5.125114862261979,-0.05671898545746279
Gradient-Boosted Trees,bc_coms,10.115261217162345,-0.1408327188448517
Gradient-Boosted Trees,ab_coms,9.081930115755393,-2.3182462747855457
